player,player_id,season
Bam Adebayo,adebaba01,2024
Giannis Antetokounmpo,antetgi01,2024
Paolo Banchero,banchpa01,2024
Scottie Barnes,barnesc01,2024
Jaylen Brown,brownja02,2024
Jalen Brunson,brunsja01,2024
Joel Embiid,embiijo01,2024
Tyrese Haliburton,halibty01,2024
Damian Lillard,lillada01,2024
Tyrese Maxey,maxeyty01,2024
Donovan Mitchell,mitchdo01,2024
Julius Randle,randlju01,2024
Jayson Tatum,tatumja01,2024
Trae Young,youngtr01,2024
Devin Booker,bookede01,2024
Stephen Curry,curryst01,2024
Anthony Davis,davisan02,2024
Luka Dončić,doncilu01,2024
Kevin Durant,duranke01,2024
Anthony Edwards,edwaran01,2024
Paul George,georgpa01,2024
Shai Gilgeous-Alexander,gilgesh01,2024
LeBron James,jamesle01,2024
Nikola Jokić,jokicni01,2024
Kawhi Leonard,leonaka01,2024
Karl-Anthony Towns,townska01,2024
Bam Adebayo,adebaba01,2023
Giannis Antetokounmpo,antetgi01,2023
DeMar DeRozan,derozde01,2023
Kevin Durant,duranke01,2023
Shai Gilgeous-Alexander,gilgesh01,2023
Jrue Holiday,holidjr01,2023
Damian Lillard,lillada01,2023
Lauri Markkanen,markkla01,2023
Donovan Mitchell,mitchdo01,2023
Ja Morant,moranja01,2023
Domantas Sabonis,sabondo01,2023
Pascal Siakam,siakapa01,2023
Jayson Tatum,tatumja01,2023
Jaylen Brown,brownja02,2023
Stephen Curry,curryst01,2023
Luka Dončić,doncilu01,2023
Anthony Edwards,edwaran01,2023
Joel Embiid,embiijo01,2023
De'Aaron Fox,foxde01,2023
Paul George,georgpa01,2023
Tyrese Haliburton,halibty01,2023
Kyrie Irving,irvinky01,2023
Jaren Jackson Jr.,jacksja02,2023
LeBron James,jamesle01,2023
Nikola Jokić,jokicni01,2023
Julius Randle,randlju01,2023
Zion Williamson,willizi01,2023
LaMelo Ball,ballla01,2022
Devin Booker,bookede01,2022
Kevin Durant,duranke01,2022
Joel Embiid,embiijo01,2022
Rudy Gobert,goberru01,2022
Draymond Green,greendr01,2022
Zach LaVine,lavinza01,2022
Khris Middleton,middlkh01,2022
Ja Morant,moranja01,2022
Dejounte Murray,murrade01,2022
Jayson Tatum,tatumja01,2022
Karl-Anthony Towns,townska01,2022
Andrew Wiggins,wiggian01,2022
Trae Young,youngtr01,2022
Jarrett Allen,allenja01,2022
Giannis Antetokounmpo,antetgi01,2022
Jimmy Butler,butleji01,2022
Stephen Curry,curryst01,2022
DeMar DeRozan,derozde01,2022
Luka Dončić,doncilu01,2022
Darius Garland,garlada01,2022
James Harden,hardeja01,2022
LeBron James,jamesle01,2022
Nikola Jokić,jokicni01,2022
Donovan Mitchell,mitchdo01,2022
Chris Paul,paulch01,2022
Fred VanVleet,vanvlfr01,2022
Bradley Beal,bealbr01,2021
Devin Booker,bookede01,2021
Mike Conley,conlemi01,2021
Anthony Davis,davisan02,2021
Kevin Durant,duranke01,2021
Joel Embiid,embiijo01,2021
James Harden,hardeja01,2021
Kyrie Irving,irvinky01,2021
Zach LaVine,lavinza01,2021
Kawhi Leonard,leonaka01,2021
Donovan Mitchell,mitchdo01,2021
Julius Randle,randlju01,2021
Jayson Tatum,tatumja01,2021
Nikola Vučević,vucevni01,2021
Zion Williamson,willizi01,2021
Giannis Antetokounmpo,antetgi01,2021
Jaylen Brown,brownja02,2021
Stephen Curry,curryst01,2021
Luka Dončić,doncilu01,2021
Paul George,georgpa01,2021
Rudy Gobert,goberru01,2021
LeBron James,jamesle01,2021
Nikola Jokić,jokicni01,2021
Damian Lillard,lillada01,2021
Chris Paul,paulch01,2021
Domantas Sabonis,sabondo01,2021
Ben Simmons,simmobe01,2021
Bam Adebayo,adebaba01,2020
Giannis Antetokounmpo,antetgi01,2020
Jimmy Butler,butleji01,2020
Joel Embiid,embiijo01,2020
Rudy Gobert,goberru01,2020
Brandon Ingram,ingrabr01,2020
Kyle Lowry,lowryky01,2020
Khris Middleton,middlkh01,2020
Donovan Mitchell,mitchdo01,2020
Pascal Siakam,siakapa01,2020
Kemba Walker,walkeke02,2020
Trae Young,youngtr01,2020
Devin Booker,bookede01,2020
Anthony Davis,davisan02,2020
Luka Dončić,doncilu01,2020
James Harden,hardeja01,2020
LeBron James,jamesle01,2020
Nikola Jokić,jokicni01,2020
Kawhi Leonard,leonaka01,2020
Damian Lillard,lillada01,2020
Chris Paul,paulch01,2020
Domantas Sabonis,sabondo01,2020
Ben Simmons,simmobe01,2020
Jayson Tatum,tatumja01,2020
Russell Westbrook,westbru01,2020
Giannis Antetokounmpo,antetgi01,2019
Stephen Curry,curryst01,2019
Joel Embiid,embiijo01,2019
Paul George,georgpa01,2019
Blake Griffin,griffbl01,2019
Nikola Jokić,jokicni01,2019
Kyle Lowry,lowryky01,2019
Khris Middleton,middlkh01,2019
Dirk Nowitzki,nowitdi01,2019
Victor Oladipo,oladivi01,2019
D'Angelo Russell,russeda01,2019
Nikola Vučević,vucevni01,2019
Kemba Walker,walkeke02,2019
Russell Westbrook,westbru01,2019
LaMarcus Aldridge,aldrila01,2019
Bradley Beal,bealbr01,2019
Anthony Davis,davisan02,2019
Kevin Durant,duranke01,2019
James Harden,hardeja01,2019
Kyrie Irving,irvinky01,2019
LeBron James,jamesle01,2019
Kawhi Leonard,leonaka01,2019
Damian Lillard,lillada01,2019
Ben Simmons,simmobe01,2019
Klay Thompson,thompkl01,2019
Karl-Anthony Towns,townska01,2019
Dwyane Wade,wadedw01,2019
LaMarcus Aldridge,aldrila01,2018
Bradley Beal,bealbr01,2018
DeMarcus Cousins,couside01,2018
Anthony Davis,davisan02,2018
Goran Dragić,dragigo01,2018
Andre Drummond,drumman01,2018
Kevin Durant,duranke01,2018
Paul George,georgpa01,2018
Kyrie Irving,irvinky01,2018
LeBron James,jamesle01,2018
Kevin Love,loveke01,2018
Victor Oladipo,oladivi01,2018
Kristaps Porziņģis,porzikr01,2018
Kemba Walker,walkeke02,2018
John Wall,walljo01,2018
Russell Westbrook,westbru01,2018
Giannis Antetokounmpo,antetgi01,2018
Jimmy Butler,butleji01,2018
Stephen Curry,curryst01,2018
DeMar DeRozan,derozde01,2018
Joel Embiid,embiijo01,2018
Draymond Green,greendr01,2018
James Harden,hardeja01,2018
Al Horford,horfoal01,2018
Damian Lillard,lillada01,2018
Kyle Lowry,lowryky01,2018
Klay Thompson,thompkl01,2018
Karl-Anthony Towns,townska01,2018
Giannis Antetokounmpo,antetgi01,2017
Carmelo Anthony,anthoca01,2017
Jimmy Butler,butleji01,2017
DeMar DeRozan,derozde01,2017
Paul George,georgpa01,2017
Kyrie Irving,irvinky01,2017
LeBron James,jamesle01,2017
Kevin Love,loveke01,2017
Kyle Lowry,lowryky01,2017
Paul Millsap,millspa01,2017
Isaiah Thomas,thomais02,2017
Kemba Walker,walkeke02,2017
John Wall,walljo01,2017
DeMarcus Cousins,couside01,2017
Stephen Curry,curryst01,2017
Anthony Davis,davisan02,2017
Kevin Durant,duranke01,2017
Marc Gasol,gasolma01,2017
Draymond Green,greendr01,2017
James Harden,hardeja01,2017
Gordon Hayward,haywago01,2017
DeAndre Jordan,jordade01,2017
Kawhi Leonard,leonaka01,2017
Klay Thompson,thompkl01,2017
Russell Westbrook,westbru01,2017
Carmelo Anthony,anthoca01,2016
Chris Bosh,boshch01,2016
Jimmy Butler,butleji01,2016
DeMar DeRozan,derozde01,2016
Andre Drummond,drumman01,2016
Pau Gasol,gasolpa01,2016
Paul George,georgpa01,2016
Al Horford,horfoal01,2016
LeBron James,jamesle01,2016
Kyle Lowry,lowryky01,2016
Paul Millsap,millspa01,2016
Isaiah Thomas,thomais02,2016
Dwyane Wade,wadedw01,2016
John Wall,walljo01,2016
LaMarcus Aldridge,aldrila01,2016
Kobe Bryant,bryanko01,2016
DeMarcus Cousins,couside01,2016
Stephen Curry,curryst01,2016
Anthony Davis,davisan02,2016
Kevin Durant,duranke01,2016
Draymond Green,greendr01,2016
James Harden,hardeja01,2016
Kawhi Leonard,leonaka01,2016
Chris Paul,paulch01,2016
Klay Thompson,thompkl01,2016
Russell Westbrook,westbru01,2016
Carmelo Anthony,anthoca01,2015
Chris Bosh,boshch01,2015
Jimmy Butler,butleji01,2015
Pau Gasol,gasolpa01,2015
Al Horford,horfoal01,2015
Kyrie Irving,irvinky01,2015
LeBron James,jamesle01,2015
Kyle Korver,korveky01,2015
Kyle Lowry,lowryky01,2015
Paul Millsap,millspa01,2015
Jeff Teague,teaguje01,2015
Dwyane Wade,wadedw01,2015
John Wall,walljo01,2015
LaMarcus Aldridge,aldrila01,2015
Kobe Bryant,bryanko01,2015
DeMarcus Cousins,couside01,2015
Stephen Curry,curryst01,2015
Anthony Davis,davisan02,2015
Tim Duncan,duncati01,2015
Kevin Durant,duranke01,2015
Marc Gasol,gasolma01,2015
Blake Griffin,griffbl01,2015
James Harden,hardeja01,2015
Damian Lillard,lillada01,2015
Dirk Nowitzki,nowitdi01,2015
Chris Paul,paulch01,2015
Klay Thompson,thompkl01,2015
Russell Westbrook,westbru01,2015
Carmelo Anthony,anthoca01,2014
Chris Bosh,boshch01,2014
DeMar DeRozan,derozde01,2014
Paul George,georgpa01,2014
Roy Hibbert,hibbero01,2014
Kyrie Irving,irvinky01,2014
LeBron James,jamesle01,2014
Joe Johnson,johnsjo02,2014
Paul Millsap,millspa01,2014
Joakim Noah,noahjo01,2014
Dwyane Wade,wadedw01,2014
John Wall,walljo01,2014
LaMarcus Aldridge,aldrila01,2014
Kobe Bryant,bryanko01,2014
Stephen Curry,curryst01,2014
Anthony Davis,davisan02,2014
Kevin Durant,duranke01,2014
Blake Griffin,griffbl01,2014
James Harden,hardeja01,2014
Dwight Howard,howardw01,2014
Damian Lillard,lillada01,2014
Kevin Love,loveke01,2014
Dirk Nowitzki,nowitdi01,2014
Tony Parker,parketo01,2014
Chris Paul,paulch01,2014
Carmelo Anthony,anthoca01,2013
Chris Bosh,boshch01,2013
Tyson Chandler,chandty01,2013
Luol Deng,denglu01,2013
Kevin Garnett,garneke01,2013
Paul George,georgpa01,2013
Jrue Holiday,holidjr01,2013
Kyrie Irving,irvinky01,2013
LeBron James,jamesle01,2013
Brook Lopez,lopezbr01,2013
Joakim Noah,noahjo01,2013
Rajon Rondo,rondora01,2013
Dwyane Wade,wadedw01,2013
LaMarcus Aldridge,aldrila01,2013
Kobe Bryant,bryanko01,2013
Tim Duncan,duncati01,2013
Kevin Durant,duranke01,2013
Blake Griffin,griffbl01,2013
James Harden,hardeja01,2013
Dwight Howard,howardw01,2013
David Lee,leeda02,2013
Tony Parker,parketo01,2013
Chris Paul,paulch01,2013
Zach Randolph,randoza01,2013
Russell Westbrook,westbru01,2013
Carmelo Anthony,anthoca01,2012
Chris Bosh,boshch01,2012
Luol Deng,denglu01,2012
Roy Hibbert,hibbero01,2012
Dwight Howard,howardw01,2012
Andre Iguodala,iguodan01,2012
LeBron James,jamesle01,2012
Joe Johnson,johnsjo02,2012
Paul Pierce,piercpa01,2012
Rajon Rondo,rondora01,2012
Derrick Rose,rosede01,2012
Dwyane Wade,wadedw01,2012
Deron Williams,willide01,2012
LaMarcus Aldridge,aldrila01,2012
Kobe Bryant,bryanko01,2012
Andrew Bynum,bynuman01,2012
Kevin Durant,duranke01,2012
Marc Gasol,gasolma01,2012
Blake Griffin,griffbl01,2012
Kevin Love,loveke01,2012
Steve Nash,nashst01,2012
Dirk Nowitzki,nowitdi01,2012
Tony Parker,parketo01,2012
Chris Paul,paulch01,2012
Russell Westbrook,westbru01,2012
Ray Allen,allenra02,2011
Chris Bosh,boshch01,2011
Kevin Garnett,garneke01,2011
Al Horford,horfoal01,2011
Dwight Howard,howardw01,2011
LeBron James,jamesle01,2011
Joe Johnson,johnsjo02,2011
Paul Pierce,piercpa01,2011
Rajon Rondo,rondora01,2011
Derrick Rose,rosede01,2011
Amar'e Stoudemire,stoudam01,2011
Dwyane Wade,wadedw01,2011
Carmelo Anthony,anthoca01,2011
Kobe Bryant,bryanko01,2011
Tim Duncan,duncati01,2011
Kevin Durant,duranke01,2011
Pau Gasol,gasolpa01,2011
Manu Ginóbili,ginobma01,2011
Blake Griffin,griffbl01,2011
Kevin Love,loveke01,2011
Yao Ming,mingya01,2011
Dirk Nowitzki,nowitdi01,2011
Chris Paul,paulch01,2011
Russell Westbrook,westbru01,2011
Deron Williams,willide01,2011
Chris Bosh,boshch01,2010
Kevin Garnett,garneke01,2010
Al Horford,horfoal01,2010
Dwight Howard,howardw01,2010
Allen Iverson,iversal01,2010
LeBron James,jamesle01,2010
Joe Johnson,johnsjo02,2010
David Lee,leeda02,2010
Paul Pierce,piercpa01,2010
Rajon Rondo,rondora01,2010
Derrick Rose,rosede01,2010
Dwyane Wade,wadedw01,2010
Gerald Wallace,wallage01,2010
Carmelo Anthony,anthoca01,2010
Chauncey Billups,billuch01,2010
Kobe Bryant,bryanko01,2010
Tim Duncan,duncati01,2010
Kevin Durant,duranke01,2010
Pau Gasol,gasolpa01,2010
Chris Kaman,kamanch01,2010
Jason Kidd,kiddja01,2010
Steve Nash,nashst01,2010
Dirk Nowitzki,nowitdi01,2010
Chris Paul,paulch01,2010
Zach Randolph,randoza01,2010
Brandon Roy,roybr01,2010
Amar'e Stoudemire,stoudam01,2010
Deron Williams,willide01,2010
Ray Allen,allenra02,2009
Chris Bosh,boshch01,2009
Kevin Garnett,garneke01,2009
Danny Granger,grangda01,2009
Devin Harris,harride01,2009
Dwight Howard,howardw01,2009
Allen Iverson,iversal01,2009
LeBron James,jamesle01,2009
Joe Johnson,johnsjo02,2009
Rashard Lewis,lewisra02,2009
Jameer Nelson,nelsoja01,2009
Paul Pierce,piercpa01,2009
Dwyane Wade,wadedw01,2009
Mo Williams,willima01,2009
Chauncey Billups,billuch01,2009
Kobe Bryant,bryanko01,2009
Tim Duncan,duncati01,2009
Pau Gasol,gasolpa01,2009
Yao Ming,mingya01,2009
Dirk Nowitzki,nowitdi01,2009
Shaquille O'Neal,onealsh01,2009
Tony Parker,parketo01,2009
Chris Paul,paulch01,2009
Brandon Roy,roybr01,2009
Amar'e Stoudemire,stoudam01,2009
David West,westda01,2009
Ray Allen,allenra02,2008
Chauncey Billups,billuch01,2008
Chris Bosh,boshch01,2008
Caron Butler,butleca01,2008
Kevin Garnett,garneke01,2008
Richard Hamilton,hamilri01,2008
Dwight Howard,howardw01,2008
LeBron James,jamesle01,2008
Antawn Jamison,jamisan01,2008
Joe Johnson,johnsjo02,2008
Jason Kidd,kiddja01,2008
Paul Pierce,piercpa01,2008
Dwyane Wade,wadedw01,2008
Rasheed Wallace,wallara01,2008
Carmelo Anthony,anthoca01,2008
Carlos Boozer,boozeca01,2008
Kobe Bryant,bryanko01,2008
Tim Duncan,duncati01,2008
Allen Iverson,iversal01,2008
Yao Ming,mingya01,2008
Steve Nash,nashst01,2008
Dirk Nowitzki,nowitdi01,2008
Chris Paul,paulch01,2008
Brandon Roy,roybr01,2008
Amar'e Stoudemire,stoudam01,2008
David West,westda01,2008
Gilbert Arenas,arenagi01,2007
Chauncey Billups,billuch01,2007
Chris Bosh,boshch01,2007
Caron Butler,butleca01,2007
Vince Carter,cartevi01,2007
Richard Hamilton,hamilri01,2007
Dwight Howard,howardw01,2007
LeBron James,jamesle01,2007
Joe Johnson,johnsjo02,2007
Jason Kidd,kiddja01,2007
Jermaine O'Neal,onealje01,2007
Shaquille O'Neal,onealsh01,2007
Dwyane Wade,wadedw01,2007
Ray Allen,allenra02,2007
Carmelo Anthony,anthoca01,2007
Carlos Boozer,boozeca01,2007
Kobe Bryant,bryanko01,2007
Tim Duncan,duncati01,2007
Kevin Garnett,garneke01,2007
Josh Howard,howarjo01,2007
Allen Iverson,iversal01,2007
Shawn Marion,mariosh01,2007
Tracy McGrady,mcgratr01,2007
Yao Ming,mingya01,2007
Steve Nash,nashst01,2007
Dirk Nowitzki,nowitdi01,2007
Mehmet Okur ,okurme01,2007
Tony Parker,parketo01,2007
Amar'e Stoudemire,stoudam01,2007
Gilbert Arenas,arenagi01,2006
Chauncey Billups,billuch01,2006
Chris Bosh,boshch01,2006
Vince Carter,cartevi01,2006
Richard Hamilton,hamilri01,2006
Allen Iverson,iversal01,2006
LeBron James,jamesle01,2006
Jermaine O'Neal,onealje01,2006
Shaquille O'Neal,onealsh01,2006
Paul Pierce,piercpa01,2006
Dwyane Wade,wadedw01,2006
Ben Wallace,wallabe01,2006
Rasheed Wallace,wallara01,2006
Ray Allen,allenra02,2006
Elton Brand,brandel01,2006
Kobe Bryant,bryanko01,2006
Tim Duncan,duncati01,2006
Kevin Garnett,garneke01,2006
Pau Gasol,gasolpa01,2006
Shawn Marion,mariosh01,2006
Tracy McGrady,mcgratr01,2006
Yao Ming,mingya01,2006
Steve Nash,nashst01,2006
Dirk Nowitzki,nowitdi01,2006
Tony Parker,parketo01,2006
Gilbert Arenas,arenagi01,2005
Vince Carter,cartevi01,2005
Grant Hill,hillgr01,2005
Zydrunas Ilgauskas,ilgauzy01,2005
Allen Iverson,iversal01,2005
LeBron James,jamesle01,2005
Antawn Jamison,jamisan01,2005
Jermaine O'Neal,onealje01,2005
Shaquille O'Neal,onealsh01,2005
Paul Pierce,piercpa01,2005
Dwyane Wade,wadedw01,2005
Ben Wallace,wallabe01,2005
Ray Allen,allenra02,2005
Kobe Bryant,bryanko01,2005
Tim Duncan,duncati01,2005
Kevin Garnett,garneke01,2005
Manu Ginóbili,ginobma01,2005
Rashard Lewis,lewisra02,2005
Shawn Marion,mariosh01,2005
Tracy McGrady,mcgratr01,2005
Yao Ming,mingya01,2005
Steve Nash,nashst01,2005
Dirk Nowitzki,nowitdi01,2005
Amar'e Stoudemire,stoudam01,2005
Metta World Peace,artesro01,2004
Vince Carter,cartevi01,2004
Baron Davis,davisba01,2004
Allen Iverson,iversal01,2004
Jason Kidd,kiddja01,2004
Jamaal Magloire,magloja01,2004
Kenyon Martin,martike01,2004
Tracy McGrady,mcgratr01,2004
Jermaine O'Neal,onealje01,2004
Paul Pierce,piercpa01,2004
Michael Redd,reddmi01,2004
Ben Wallace,wallabe01,2004
Ray Allen,allenra02,2004
Kobe Bryant,bryanko01,2004
Sam Cassell,cassesa01,2004
Tim Duncan,duncati01,2004
Steve Francis,francst01,2004
Kevin Garnett,garneke01,2004
Andrei Kirilenko,kirilan01,2004
Brad Miller,millebr01,2004
Yao Ming,mingya01,2004
Dirk Nowitzki,nowitdi01,2004
Shaquille O'Neal,onealsh01,2004
Peja Stojaković,stojape01,2004
Vince Carter,cartevi01,2003
Zydrunas Ilgauskas,ilgauzy01,2003
Allen Iverson,iversal01,2003
Michael Jordan,jordami01,2003
Jason Kidd,kiddja01,2003
Jamal Mashburn,mashbja01,2003
Tracy McGrady,mcgratr01,2003
Brad Miller,millebr01,2003
Jermaine O'Neal,onealje01,2003
Paul Pierce,piercpa01,2003
Antoine Walker,walkean02,2003
Ben Wallace,wallabe01,2003
Kobe Bryant,bryanko01,2003
Tim Duncan,duncati01,2003
Steve Francis,francst01,2003
Kevin Garnett,garneke01,2003
Stephon Marbury,marbust01,2003
Shawn Marion,mariosh01,2003
Yao Ming,mingya01,2003
Steve Nash,nashst01,2003
Dirk Nowitzki,nowitdi01,2003
Shaquille O'Neal,onealsh01,2003
Gary Payton,paytoga01,2003
Peja Stojaković,stojape01,2003
Chris Webber,webbech01,2003
Shareef Abdur-Rahim,abdursh01,2002
Ray Allen,allenra02,2002
Vince Carter,cartevi01,2002
Baron Davis,davisba01,2002
Allen Iverson,iversal01,2002
Michael Jordan,jordami01,2002
Jason Kidd,kiddja01,2002
Tracy McGrady,mcgratr01,2002
Alonzo Mourning,mournal01,2002
Dikembe Mutombo,mutomdi01,2002
Jermaine O'Neal,onealje01,2002
Paul Pierce,piercpa01,2002
Antoine Walker,walkean02,2002
Elton Brand,brandel01,2002
Kobe Bryant,bryanko01,2002
Tim Duncan,duncati01,2002
Steve Francis,francst01,2002
Kevin Garnett,garneke01,2002
Karl Malone,malonka01,2002
Steve Nash,nashst01,2002
Dirk Nowitzki,nowitdi01,2002
Shaquille O'Neal,onealsh01,2002
Gary Payton,paytoga01,2002
Peja Stojaković,stojape01,2002
Wally Szczerbiak,szczewa02,2002
Chris Webber,webbech01,2002
Ray Allen,allenra02,2001
Vince Carter,cartevi01,2001
Antonio Davis,davisan01,2001
Grant Hill,hillgr01,2001
Allan Houston,houstal01,2001
Allen Iverson,iversal01,2001
Stephon Marbury,marbust01,2001
Anthony Mason,masonan01,2001
Tracy McGrady,mcgratr01,2001
Alonzo Mourning,mournal01,2001
Dikembe Mutombo,mutomdi01,2001
Theo Ratliff,ratlith01,2001
Glenn Robinson,robingl01,2001
Latrell Sprewell,sprewla01,2001
Jerry Stackhouse,stackje01,2001
Kobe Bryant,bryanko01,2001
Vlade Divac,divacvl01,2001
Tim Duncan,duncati01,2001
Michael Finley,finlemi01,2001
Kevin Garnett,garneke01,2001
Jason Kidd,kiddja01,2001
Karl Malone,malonka01,2001
Antonio McDyess,mcdyean01,2001
Shaquille O'Neal,onealsh01,2001
Gary Payton,paytoga01,2001
David Robinson,robinda01,2001
Rasheed Wallace,wallara01,2001
Chris Webber,webbech01,2001
Ray Allen,allenra02,2000
Vince Carter,cartevi01,2000
Dale Davis,davisda01,2000
Grant Hill,hillgr01,2000
Allan Houston,houstal01,2000
Allen Iverson,iversal01,2000
Eddie Jones,jonesed02,2000
Reggie Miller,millere01,2000
Alonzo Mourning,mournal01,2000
Dikembe Mutombo,mutomdi01,2000
Glenn Robinson,robingl01,2000
Jerry Stackhouse,stackje01,2000
Kobe Bryant,bryanko01,2000
Tim Duncan,duncati01,2000
Michael Finley,finlemi01,2000
Kevin Garnett,garneke01,2000
Jason Kidd,kiddja01,2000
Karl Malone,malonka01,2000
Shaquille O'Neal,onealsh01,2000
Gary Payton,paytoga01,2000
David Robinson,robinda01,2000
John Stockton,stockjo01,2000
Rasheed Wallace,wallara01,2000
Chris Webber,webbech01,2000
Anfernee Hardaway,hardaan01,1998
Tim Hardaway,hardati01,1998
Grant Hill,hillgr01,1998
Michael Jordan,jordami01,1998
Shawn Kemp,kempsh01,1998
Reggie Miller,millere01,1998
Dikembe Mutombo,mutomdi01,1998
Glen Rice,ricegl01,1998
Steve Smith,smithst01,1998
Rik Smits,smitsri01,1998
Antoine Walker,walkean02,1998
Jayson Williams,willija01,1998
Vin Baker,bakervi01,1998
Kobe Bryant,bryanko01,1998
Tim Duncan,duncati01,1998
Kevin Garnett,garneke01,1998
Eddie Jones,jonesed02,1998
Jason Kidd,kiddja01,1998
Karl Malone,malonka01,1998
Shaquille O'Neal,onealsh01,1998
Gary Payton,paytoga01,1998
Mitch Richmond,richmmi01,1998
David Robinson,robinda01,1998
Nick Van Exel,vanexni01,1998
Vin Baker,bakervi01,1997
Terrell Brandon,brandte01,1997
Joe Dumars,dumarjo01,1997
Patrick Ewing,ewingpa01,1997
Anfernee Hardaway,hardaan01,1997
Tim Hardaway,hardati01,1997
Grant Hill,hillgr01,1997
Michael Jordan,jordami01,1997
Christian Laettner,laettch01,1997
Alonzo Mourning,mournal01,1997
Dikembe Mutombo,mutomdi01,1997
Scottie Pippen,pippesc01,1997
Glen Rice,ricegl01,1997
Chris Webber,webbech01,1997
Charles Barkley,barklch01,1997
Clyde Drexler,drexlcl01,1997
Kevin Garnett,garneke01,1997
Chris Gatling,gatlich01,1997
Tom Gugliotta,guglito01,1997
Eddie Jones,jonesed02,1997
Shawn Kemp,kempsh01,1997
Karl Malone,malonka01,1997
Hakeem Olajuwon,olajuha01,1997
Shaquille O'Neal,onealsh01,1997
Gary Payton,paytoga01,1997
Mitch Richmond,richmmi01,1997
Detlef Schrempf ,schrede01,1997
Latrell Sprewell,sprewla01,1997
John Stockton,stockjo01,1997
Vin Baker,bakervi01,1996
Terrell Brandon,brandte01,1996
Patrick Ewing,ewingpa01,1996
Anfernee Hardaway,hardaan01,1996
Grant Hill,hillgr01,1996
Juwan Howard,howarju01,1996
Michael Jordan,jordami01,1996
Reggie Miller,millere01,1996
Alonzo Mourning,mournal01,1996
Shaquille O'Neal,onealsh01,1996
Scottie Pippen,pippesc01,1996
Glen Rice,ricegl01,1996
Charles Barkley,barklch01,1996
Clyde Drexler,drexlcl01,1996
Sean Elliott,elliose01,1996
Shawn Kemp,kempsh01,1996
Jason Kidd,kiddja01,1996
Karl Malone,malonka01,1996
Dikembe Mutombo,mutomdi01,1996
Hakeem Olajuwon,olajuha01,1996
Gary Payton,paytoga01,1996
Mitch Richmond,richmmi01,1996
David Robinson,robinda01,1996
John Stockton,stockjo01,1996
Vin Baker,bakervi01,1995
Dana Barros,barroda01,1995
Joe Dumars,dumarjo01,1995
Patrick Ewing,ewingpa01,1995
Anfernee Hardaway,hardaan01,1995
Grant Hill,hillgr01,1995
Tyrone Hill,hillty01,1995
Larry Johnson,johnsla02,1995
Reggie Miller,millere01,1995
Alonzo Mourning,mournal01,1995
Shaquille O'Neal,onealsh01,1995
Scottie Pippen,pippesc01,1995
Charles Barkley,barklch01,1995
Cedric Ceballos,cebalce01,1995
Shawn Kemp,kempsh01,1995
Dan Majerle,majerda01,1995
Karl Malone,malonka01,1995
Dikembe Mutombo,mutomdi01,1995
Hakeem Olajuwon,olajuha01,1995
Gary Payton,paytoga01,1995
Mitch Richmond,richmmi01,1995
David Robinson,robinda01,1995
Detlef Schrempf,schrede01,1995
Latrell Sprewell,sprewla01,1995
John Stockton,stockjo01,1995
Kenny Anderson,anderke01,1994
B.J. Armstrong,armstbj01,1994
Mookie Blaylock,blaylmo01,1994
Derrick Coleman,colemde01,1994
Patrick Ewing,ewingpa01,1994
Horace Grant,grantho01,1994
Alonzo Mourning,mournal01,1994
Charles Oakley,oaklech01,1994
Shaquille O'Neal,onealsh01,1994
Scottie Pippen,pippesc01,1994
Mark Price,pricema01,1994
John Starks,starkjo01,1994
Dominique Wilkins,wilkido01,1994
Charles Barkley,barklch01,1994
Clyde Drexler,drexlcl01,1994
Kevin Johnson,johnske02,1994
Shawn Kemp,kempsh01,1994
Karl Malone,malonka01,1994
Danny Manning,mannida01,1994
Hakeem Olajuwon,olajuha01,1994
Gary Payton,paytoga01,1994
Mitch Richmond,richmmi01,1994
Clifford Robinson,robincl02,1994
David Robinson,robinda01,1994
Latrell Sprewell,sprewla01,1994
John Stockton,stockjo01,1994
Brad Daugherty,daughbr01,1993
Joe Dumars,dumarjo01,1993
Patrick Ewing,ewingpa01,1993
Larry Johnson,johnsla02,1993
Michael Jordan,jordami01,1993
Larry Nance,nancela01,1993
Shaquille O'Neal,onealsh01,1993
Scottie Pippen,pippesc01,1993
Mark Price,pricema01,1993
Detlef Schrempf,schrede01,1993
Isiah Thomas,thomais01,1993
Dominique Wilkins,wilkido01,1993
Charles Barkley,barklch01,1993
Clyde Drexler,drexlcl01,1993
Sean Elliott,elliose01,1993
Tim Hardaway,hardati01,1993
Shawn Kemp,kempsh01,1993
Dan Majerle,majerda01,1993
Karl Malone,malonka01,1993
Danny Manning,mannida01,1993
Chris Mullin,mullich01,1993
Hakeem Olajuwon,olajuha01,1993
Terry Porter,portete01,1993
Mitch Richmond,richmmi01,1993
David Robinson,robinda01,1993
John Stockton,stockjo01,1993
Michael Adams,adamsmi01,1992
Charles Barkley,barklch01,1992
Larry Bird,birdla01,1992
Brad Daugherty,daughbr01,1992
Joe Dumars,dumarjo01,1992
Patrick Ewing,ewingpa01,1992
Michael Jordan,jordami01,1992
Reggie Lewis,lewisre01,1992
Scottie Pippen,pippesc01,1992
Mark Price,pricema01,1992
Dennis Rodman,rodmade01,1992
Isiah Thomas,thomais01,1992
Dominique Wilkins,wilkido01,1992
Kevin Willis,willike02,1992
Clyde Drexler,drexlcl01,1992
Tim Hardaway,hardati01,1992
Jeff Hornacek,hornaje01,1992
Magic Johnson,johnsma02,1992
Dan Majerle,majerda01,1992
Karl Malone,malonka01,1992
Chris Mullin,mullich01,1992
Dikembe Mutombo,mutomdi01,1992
Hakeem Olajuwon,olajuha01,1992
David Robinson,robinda01,1992
John Stockton,stockjo01,1992
Otis Thorpe,thorpot01,1992
James Worthy,worthja01,1992
Charles Barkley,barklch01,1991
Larry Bird,birdla01,1991
Brad Daugherty,daughbr01,1991
Joe Dumars,dumarjo01,1991
Patrick Ewing,ewingpa01,1991
Hersey Hawkins,hawkihe01,1991
Michael Jordan,jordami01,1991
Bernard King,kingbe01,1991
Kevin McHale,mchalke01,1991
Robert Parish,parisro01,1991
Ricky Pierce,piercri01,1991
Alvin Robertson,roberal01,1991
Isiah Thomas,thomais01,1991
Dominique Wilkins,wilkido01,1991
Tom Chambers,chambto01,1991
Clyde Drexler,drexlcl01,1991
Kevin Duckworth,duckwke01,1991
Tim Hardaway,hardati01,1991
Kevin Johnson,johnske02,1991
Magic Johnson,johnsma02,1991
Karl Malone,malonka01,1991
Chris Mullin,mullich01,1991
Terry Porter,portete01,1991
David Robinson,robinda01,1991
John Stockton,stockjo01,1991
James Worthy,worthja01,1991
Charles Barkley,barklch01,1990
Larry Bird,birdla01,1990
Joe Dumars,dumarjo01,1990
Patrick Ewing,ewingpa01,1990
Michael Jordan,jordami01,1990
Kevin McHale,mchalke01,1990
Reggie Miller,millere01,1990
Robert Parish,parisro01,1990
Scottie Pippen,pippesc01,1990
Dennis Rodman,rodmade01,1990
Isiah Thomas,thomais01,1990
Dominique Wilkins,wilkido01,1990
Rolando Blackman,blackro01,1990
Tom Chambers,chambto01,1990
Clyde Drexler,drexlcl01,1990
A.C. Green,greenac01,1990
Kevin Johnson,johnske02,1990
Magic Johnson,johnsma02,1990
Fat Lever,leverfa01,1990
Karl Malone,malonka01,1990
Chris Mullin,mullich01,1990
Hakeem Olajuwon,olajuha01,1990
David Robinson,robinda01,1990
John Stockton,stockjo01,1990
James Worthy,worthja01,1990
Charles Barkley,barklch01,1989
Terry Cummings,cummite01,1989
Brad Daugherty,daughbr01,1989
Patrick Ewing,ewingpa01,1989
Mark Jackson,jacksma01,1989
Michael Jordan,jordami01,1989
Moses Malone,malonmo01,1989
Kevin McHale,mchalke01,1989
Larry Nance,nancela01,1989
Mark Price,pricema01,1989
Isiah Thomas,thomais01,1989
Dominique Wilkins,wilkido01,1989
Kareem Abdul-Jabbar,abdulka01,1989
Tom Chambers,chambto01,1989
Clyde Drexler,drexlcl01,1989
Kevin Duckworth,duckwke01,1989
Mark Eaton,eatonma01,1989
Dale Ellis,ellisda01,1989
Alex English,englial01,1989
Magic Johnson,johnsma02,1989
Karl Malone,malonka01,1989
Chris Mullin,mullich01,1989
Hakeem Olajuwon,olajuha01,1989
John Stockton,stockjo01,1989
James Worthy,worthja01,1989
Danny Ainge,aingeda01,1988
Charles Barkley,barklch01,1988
Larry Bird,birdla01,1988
Maurice Cheeks,cheekma01,1988
Brad Daugherty,daughbr01,1988
Patrick Ewing,ewingpa01,1988
Michael Jordan,jordami01,1988
Moses Malone,malonmo01,1988
Kevin McHale,mchalke01,1988
Doc Rivers,riverdo01,1988
Isiah Thomas,thomais01,1988
Dominique Wilkins,wilkido01,1988
Kareem Abdul-Jabbar,abdulka01,1988
Mark Aguirre,aguirma01,1988
James Donaldson,donalja01,1988
Clyde Drexler,drexlcl01,1988
Alex English,englial01,1988
Magic Johnson,johnsma02,1988
Steve Johnson,johnsst03,1988
Fat Lever,leverfa01,1988
Karl Malone,malonka01,1988
Xavier McDaniel,mcdanxa01,1988
Hakeem Olajuwon,olajuha01,1988
Alvin Robertson,roberal01,1988
James Worthy,worthja01,1988
Charles Barkley,barklch01,1987
Larry Bird,birdla01,1987
Maurice Cheeks,cheekma01,1987
Julius Erving,ervinju01,1987
Michael Jordan,jordami01,1987
Bill Laimbeer,laimbbi01,1987
Jeff Malone,malonje01,1987
Moses Malone,malonmo01,1987
Kevin McHale,mchalke01,1987
Robert Parish,parisro01,1987
Isiah Thomas,thomais01,1987
Dominique Wilkins,wilkido01,1987
Kareem Abdul-Jabbar,abdulka01,1987
Mark Aguirre,aguirma01,1987
Rolando Blackman,blackro01,1987
Joe Barry Carroll,carrojo01,1987
Tom Chambers,chambto01,1987
Walter Davis,daviswa03,1987
Alex English,englial01,1987
Sleepy Floyd,floydsl01,1987
Magic Johnson,johnsma02,1987
Hakeem Olajuwon,olajuha01,1987
Alvin Robertson,roberal01,1987
Ralph Sampson,sampsra01,1987
James Worthy,worthja01,1987
Larry Bird,birdla01,1986
Maurice Cheeks,cheekma01,1986
Julius Erving,ervinju01,1986
Patrick Ewing,ewingpa01,1986
Michael Jordan,jordami01,1986
Jeff Malone,malonje01,1986
Moses Malone,malonmo01,1986
Kevin McHale,mchalke01,1986
Sidney Moncrief,moncrsi01,1986
Robert Parish,parisro01,1986
Isiah Thomas,thomais01,1986
Dominique Wilkins,wilkido01,1986
Buck Williams,willibu01,1986
Kareem Abdul-Jabbar,abdulka01,1986
Rolando Blackman,blackro01,1986
Adrian Dantley,dantlad01,1986
Clyde Drexler,drexlcl01,1986
Alex English,englial01,1986
Artis Gilmore,gilmoar01,1986
Marques Johnson,johnsma01,1986
Magic Johnson,johnsma02,1986
Hakeem Olajuwon,olajuha01,1986
Alvin Robertson,roberal01,1986
Ralph Sampson,sampsra01,1986
James Worthy,worthja01,1986
Larry Bird,birdla01,1985
Terry Cummings,cummite01,1985
Julius Erving,ervinju01,1985
Dennis Johnson,johnsde01,1985
Michael Jordan,jordami01,1985
Bernard King,kingbe01,1985
Bill Laimbeer,laimbbi01,1985
Moses Malone,malonmo01,1985
Sidney Moncrief,moncrsi01,1985
Robert Parish,parisro01,1985
Michael Ray Richardson,richami01,1985
Jeff Ruland,rulanje01,1985
Isiah Thomas,thomais01,1985
Kareem Abdul-Jabbar,abdulka01,1985
Rolando Blackman,blackro01,1985
Adrian Dantley,dantlad01,1985
Alex English,englial01,1985
George Gervin,gervige01,1985
Magic Johnson,johnsma02,1985
Larry Nance,nancela01,1985
Calvin Natt,nattca01,1985
Norm Nixon,nixonno01,1985
Hakeem Olajuwon,olajuha01,1985
Ralph Sampson,sampsra01,1985
Jack Sikma,sikmaja01,1985
Larry Bird,birdla01,1984
Otis Birdsong,birdsot01,1984
Julius Erving,ervinju01,1984
Bernard King,kingbe01,1984
Bill Laimbeer,laimbbi01,1984
Moses Malone,malonmo01,1984
Kevin McHale,mchalke01,1984
Sidney Moncrief,moncrsi01,1984
Robert Parish,parisro01,1984
Jeff Ruland,rulanje01,1984
Isiah Thomas,thomais01,1984
Andrew Toney,toneyan01,1984
Kelly Tripucka,tripuke01,1984
Kareem Abdul-Jabbar,abdulka01,1984
Mark Aguirre,aguirma01,1984
Adrian Dantley,dantlad01,1984
Walter Davis,daviswa03,1984
Alex English,englial01,1984
George Gervin,gervige01,1984
Rickey Green,greenri01,1984
Magic Johnson,johnsma02,1984
Jim Paxson,paxsoji02,1984
Ralph Sampson,sampsra01,1984
Jack Sikma,sikmaja01,1984
Kiki Vandeweghe,vandeki01,1984
Larry Bird,birdla01,1983
Maurice Cheeks,cheekma01,1983
Julius Erving,ervinju01,1983
Marques Johnson,johnsma01,1983
Bill Laimbeer,laimbbi01,1983
Moses Malone,malonmo01,1983
Sidney Moncrief,moncrsi01,1983
Robert Parish,parisro01,1983
Reggie Theus,theusre01,1983
Isiah Thomas,thomais01,1983
Andrew Toney,toneyan01,1983
Buck Williams,willibu01,1983
Kareem Abdul-Jabbar,abdulka01,1983
Alex English,englial01,1983
George Gervin,gervige01,1983
Artis Gilmore,gilmoar01,1983
Magic Johnson,johnsma02,1983
Maurice Lucas,lucasma01,1983
Jim Paxson,paxsoji02,1983
Jack Sikma,sikmaja01,1983
David Thompson,thompda01,1983
Kiki Vandeweghe,vandeki01,1983
Jamaal Wilkes,wilkeja01,1983
Gus Williams,willigu01,1983
Tiny Archibald,architi01,1982
Larry Bird,birdla01,1982
Julius Erving,ervinju01,1982
Artis Gilmore,gilmoar01,1982
Bobby Jones,jonesbo01,1982
Bob Lanier,laniebo01,1982
Sidney Moncrief,moncrsi01,1982
Robert Parish,parisro01,1982
Michael Ray Richardson,richami01,1982
Dan Roundfield,roundda01,1982
Isiah Thomas,thomais01,1982
Kelly Tripucka,tripuke01,1982
Buck Williams,willibu01,1982
Kareem Abdul-Jabbar,abdulka01,1982
Adrian Dantley,dantlad01,1982
Alex English,englial01,1982
George Gervin,gervige01,1982
Dennis Johnson,johnsde01,1982
Magic Johnson,johnsma02,1982
Bernard King,kingbe01,1982
Moses Malone,malonmo01,1982
Norm Nixon,nixonno01,1982
Lonnie Shelton,sheltlo01,1982
Jack Sikma,sikmaja01,1982
Gus Williams,willigu01,1982
Tiny Archibald,architi01,1981
Larry Bird,birdla01,1981
Julius Erving,ervinju01,1981
Artis Gilmore,gilmoar01,1981
Eddie Johnson,johnsed02,1981
Marques Johnson,johnsma01,1981
Bobby Jones,jonesbo01,1981
Mike Mitchell,mitchmi01,1981
Robert Parish,parisro01,1981
Michael Ray Richardson,richami01,1981
Dan Roundfield,roundda01,1981
Reggie Theus,theusre01,1981
Kareem Abdul-Jabbar,abdulka01,1981
Otis Birdsong,birdsot01,1981
Adrian Dantley,dantlad01,1981
Walter Davis,daviswa03,1981
George Gervin,gervige01,1981
Dennis Johnson,johnsde01,1981
Moses Malone,malonmo01,1981
Truck Robinson,robintr01,1981
Jack Sikma,sikmaja01,1981
Paul Westphal,westppa01,1981
Jamaal Wilkes,wilkeja01,1981
Tiny Archibald,architi01,1980
Larry Bird,birdla01,1980
Bill Cartwright,cartwbi01,1980
Dave Cowens,cowenda01,1980
John Drew,drewjo01,1980
Julius Erving,ervinju01,1980
George Gervin,gervige01,1980
Elvin Hayes,hayesel01,1980
Eddie Johnson,johnsed02,1980
Moses Malone,malonmo01,1980
Michael Ray Richardson,richami01,1980
Dan Roundfield,roundda01,1980
Kareem Abdul-Jabbar,abdulka01,1980
Otis Birdsong,birdsot01,1980
Adrian Dantley,dantlad01,1980
Walter Davis,daviswa03,1980
World B. Free,freewo01,1980
Dennis Johnson,johnsde01,1980
Marques Johnson,johnsma01,1980
Magic Johnson,johnsma02,1980
Jack Sikma,sikmaja01,1980
Kermit Washington,washike01,1980
Scott Wedman,wedmasc01,1980
Paul Westphal,westppa01,1980
Doug Collins,collido01,1979
Bob Dandridge,dandrbo01,1979
Julius Erving,ervinju01,1979
George Gervin,gervige01,1979
Elvin Hayes,hayesel01,1979
Larry Kenon,kenonla01,1979
Bob Lanier,laniebo01,1979
Moses Malone,malonmo01,1979
Pete Maravich,maravpe01,1979
Calvin Murphy,murphca01,1979
Campy Russell,russeca02,1979
Rudy Tomjanovich,tomjaru01,1979
Kareem Abdul-Jabbar,abdulka01,1979
Otis Birdsong,birdsot01,1979
Walter Davis,daviswa03,1979
Artis Gilmore,gilmoar01,1979
Dennis Johnson,johnsde01,1979
Marques Johnson,johnsma01,1979
Maurice Lucas,lucasma01,1979
George McGinnis,mcginge01,1979
Jack Sikma,sikmaja01,1979
David Thompson,thompda01,1979
Paul Westphal,westppa01,1979
Doug Collins,collido01,1978
Dave Cowens,cowenda01,1978
Julius Erving,ervinju01,1978
George Gervin,gervige01,1978
John Havlicek,havlijo01,1978
Elvin Hayes,hayesel01,1978
Larry Kenon,kenonla01,1978
Billy Knight,knighbi01,1978
Moses Malone,malonmo01,1978
Pete Maravich,maravpe01,1978
Bob McAdoo,mcadobo01,1978
Truck Robinson,robintr01,1978
Randy Smith,smithra01,1978
Rick Barry,barryri01,1978
Walter Davis,daviswa03,1978
Artis Gilmore,gilmoar01,1978
Lionel Hollins,hollili01,1978
Bobby Jones,jonesbo01,1978
Bob Lanier,laniebo01,1978
Maurice Lucas,lucasma01,1978
David Thompson,thompda01,1978
Bill Walton,waltobi01,1978
Paul Westphal,westppa01,1978
Brian Winters,wintebr01,1978
Phil Chenier,cheniph01,1977
Doug Collins,collido01,1977
Dave Cowens,cowenda01,1977
Julius Erving,ervinju01,1977
George Gervin,gervige01,1977
John Havlicek,havlijo01,1977
Elvin Hayes,hayesel01,1977
Pete Maravich,maravpe01,1977
Bob McAdoo,mcadobo01,1977
George McGinnis,mcginge01,1977
Earl Monroe,monroea01,1977
Rudy Tomjanovich,tomjaru01,1977
Jo Jo White,whitejo01,1977
Kareem Abdul-Jabbar,abdulka01,1977
Rick Barry,barryri01,1977
Don Buse,busedo01,1977
Dan Issel,isselda01,1977
Bobby Jones,jonesbo01,1977
Billy Knight,knighbi01,1977
Bob Lanier,laniebo01,1977
Maurice Lucas,lucasma01,1977
Phil Smith,smithph01,1977
David Thompson,thompda01,1977
Norm Van Lier,vanlino01,1977
Bill Walton,waltobi01,1977
Paul Westphal,westppa01,1977
Marvin Barnes,barnema01,1976
Ron Boone,boonero01,1976
Don Buse,busedo01,1976
Julius Erving,ervinju01,1976
George Gervin,gervige01,1976
Artis Gilmore,gilmoar01,1976
Larry Kenon,kenonla01,1976
Billy Knight,knighbi01,1976
Maurice Lucas,lucasma01,1976
Billy Paultz,paultbi01,1976
James Silas,silasja01,1976
Brian Taylor,taylobr01,1976
Byron Beck,beckby01,1976
Roger Brown,brownro02,1976
Jimmy Foster,fosteja01,1976
Gus Gerard,gerargu01,1976
Dan Issel,isselda01,1976
Bobby Jones,jonesbo01,1976
Ralph Simpson,simpsra01,1976
Claude Terry,terrycl01,1976
David Thompson,thompda01,1976
Monte Towe,towemo01,1976
Chuck Williams,willich02,1976
Dave Bing,bingda01,1976
Doug Collins,collido01,1976
Dave Cowens,cowenda01,1976
John Drew,drewjo01,1976
Walt Frazier,fraziwa01,1976
John Havlicek,havlijo01,1976
Elvin Hayes,hayesel01,1976
Bob McAdoo,mcadobo01,1976
George McGinnis,mcginge01,1976
Randy Smith,smithra01,1976
Rudy Tomjanovich,tomjaru01,1976
Jo Jo White,whitejo01,1976
Kareem Abdul-Jabbar,abdulka01,1976
Alvan Adams,adamsal01,1976
Tiny Archibald,architi01,1976
Rick Barry,barryri01,1976
Fred Brown,brownfr01,1976
Bob Dandridge,dandrbo01,1976
Curtis Rowe,rowecu01,1976
Phil Smith,smithph01,1976
Norm Van Lier,vanlino01,1976
Scott Wedman,wedmasc01,1976
Jamaal Wilkes,wilkeja01,1976
Brian Winters,wintebr01,1976
Marvin Barnes,barnema01,1975
Louie Dampier,dampilo01,1975
Julius Erving,ervinju01,1975
Artis Gilmore,gilmoar01,1975
Dan Issel,isselda01,1975
Stew Johnson,johnsst01,1975
Larry Kenon,kenonla01,1975
Freddie Lewis,lewisfr02,1975
Billy Paultz,paultbi01,1975
Brian Taylor,taylobr01,1975
Dave Twardzik,twardda01,1975
Ron Boone,boonero01,1975
Mack Calvin,calvima01,1975
George Gervin,gervige01,1975
Mike Green,greenmi01,1975
Caldwell Jones,jonesca01,1975
Moses Malone,malonmo01,1975
George McGinnis,mcginge01,1975
Swen Nater,natersw01,1975
James Silas,silasja01,1975
Ralph Simpson,simpsra01,1975
Phil Chenier,cheniph01,1975
Dave Cowens,cowenda01,1975
Walt Frazier,fraziwa01,1975
John Havlicek,havlijo01,1975
Elvin Hayes,hayesel01,1975
Bob McAdoo,mcadobo01,1975
Steve Mix,mixst01,1975
Earl Monroe,monroea01,1975
Paul Silas,silaspa01,1975
Rudy Tomjanovich,tomjaru01,1975
Wes Unseld,unselwe01,1975
Jo Jo White,whitejo01,1975
Kareem Abdul-Jabbar,abdulka01,1975
Tiny Archibald,architi01,1975
Rick Barry,barryri01,1975
Dave Bing,bingda01,1975
Bob Dandridge,dandrbo01,1975
Gail Goodrich,goodrga01,1975
Spencer Haywood,haywosp01,1975
Sam Lacey,laceysa01,1975
Bob Lanier,laniebo01,1975
Jim Price,priceji01,1975
Charlie Scott,scottch01,1975
Sidney Wicks,wickssi01,1975
Mack Calvin,calvima01,1974
Louie Dampier,dampilo01,1974
Jim Eakins,eakinji01,1974
Julius Erving,ervinju01,1974
George Gervin,gervige01,1974
Artis Gilmore,gilmoar01,1974
Dan Issel,isselda01,1974
Larry Kenon,kenonla01,1974
Ted McClain,mcclate01,1974
Billy Paultz,paultbi01,1974
George Thompson,thompge01,1974
Ron Boone,boonero01,1974
Mel Daniels,danieme01,1974
Warren Jabali,jabalwa01,1974
Stew Johnson,johnsst01,1974
Jimmy Jones,jonesji01,1974
Rich Jones,jonesri01,1974
George McGinnis,mcginge01,1974
Swen Nater,natersw01,1974
Ralph Simpson,simpsra01,1974
Willie Wise,wisewi01,1974
Austin Carr,carrau01,1974
Phil Chenier,cheniph01,1974
Dave Cowens,cowenda01,1974
Dave DeBusschere,debusda01,1974
Walt Frazier,fraziwa01,1974
John Havlicek,havlijo01,1974
Elvin Hayes,hayesel01,1974
Lou Hudson,hudsolo01,1974
Pete Maravich,maravpe01,1974
Bob McAdoo,mcadobo01,1974
Rudy Tomjanovich,tomjaru01,1974
Jo Jo White,whitejo01,1974
Kareem Abdul-Jabbar,abdulka01,1974
Rick Barry,barryri01,1974
Dave Bing,bingda01,1974
Gail Goodrich,goodrga01,1974
Spencer Haywood,haywosp01,1974
Bob Lanier,laniebo01,1974
Geoff Petrie,petrige01,1974
Charlie Scott,scottch01,1974
Nate Thurmond,thurmna01,1974
Norm Van Lier,vanlino01,1974
Chet Walker,walkech01,1974
Jerry West,westje01,1974
Sidney Wicks,wickssi01,1974
Joe Caldwell,caldwjo01,1973
Mack Calvin,calvima01,1973
Billy Cunningham,cunnibi01,1973
Louie Dampier,dampilo01,1973
Julius Erving,ervinju01,1973
Artis Gilmore,gilmoar01,1973
Dan Issel,isselda01,1973
Bill Melchionni,melchbi01,1973
Billy Paultz,paultbi01,1973
George Thompson,thompge01,1973
Zelmo Beaty,beatyze01,1973
Mel Daniels,danieme01,1973
Warren Jabali,jabalwa01,1973
Stew Johnson,johnsst01,1973
Jimmy Jones,jonesji01,1973
Rich Jones,jonesri01,1973
George McGinnis,mcginge01,1973
Ralph Simpson,simpsra01,1973
Chuck Williams,willich02,1973
Willie Wise,wisewi01,1973
John Block,blockjo01,1973
Bill Bradley,bradlbi01,1973
Dave Cowens,cowenda01,1973
Dave DeBusschere,debusda01,1973
Walt Frazier,fraziwa01,1973
John Havlicek,havlijo01,1973
Elvin Hayes,hayesel01,1973
Lou Hudson,hudsolo01,1973
Bob Kauffman,kauffbo01,1973
Pete Maravich,maravpe01,1973
Jack Marin,marinja01,1973
Wes Unseld,unselwe01,1973
Jo Jo White,whitejo01,1973
Lenny Wilkens,wilkele01,1973
Kareem Abdul-Jabbar,abdulka01,1973
Tiny Archibald,architi01,1973
Rick Barry,barryri01,1973
Dave Bing,bingda01,1973
Wilt Chamberlain,chambwi01,1973
Bob Dandridge,dandrbo01,1973
Gail Goodrich,goodrga01,1973
Connie Hawkins,hawkico01,1973
Spencer Haywood,haywosp01,1973
Bob Lanier,laniebo01,1973
Bob Love,lovebo01,1973
Charlie Scott,scottch01,1973
Nate Thurmond,thurmna01,1973
Chet Walker,walkech01,1973
Jerry West,westje01,1973
Sidney Wicks,wickssi01,1973
Rick Barry,barryri01,1972
John Brisker,briskjo01,1972
Mack Calvin,calvima01,1972
Louie Dampier,dampilo01,1972
Julius Erving,ervinju01,1972
Artis Gilmore,gilmoar01,1972
Dan Issel,isselda01,1972
Warren Jabali,jabalwa01,1972
Jim McDaniels,mcdanji01,1972
Bill Melchionni,melchbi01,1972
Charlie Scott,scottch01,1972
George Thompson,thompge01,1972
Zelmo Beaty,beatyze01,1972
Art Becker,beckear01,1972
Roger Brown,brownro01,1972
Glen Combs,combsgl01,1972
Mel Daniels,danieme01,1972
Donnie Freeman,freemdo01,1972
Steve Jones,jonesst01,1972
Wil Jones,joneswi02,1972
Wendell Ladner,ladnewe01,1972
Freddie Lewis,lewisfr02,1972
Ralph Simpson,simpsra01,1972
Willie Wise,wisewi01,1972
Butch Beard,beardbu01,1972
Archie Clark,clarkar01,1972
Dave Cowens,cowenda01,1972
Billy Cunningham,cunnibi01,1972
Dave DeBusschere,debusda01,1972
Walt Frazier,fraziwa01,1972
John Havlicek,havlijo01,1972
Lou Hudson,hudsolo01,1972
John Johnson,johnsjo01,1972
Bob Kauffman,kauffbo01,1972
Jack Marin,marinja01,1972
Wes Unseld,unselwe01,1972
Tom Van Arsdale,vanarto01,1972
Jo Jo White,whitejo01,1972
Kareem Abdul-Jabbar,abdulka01,1972
Wilt Chamberlain,chambwi01,1972
Gail Goodrich,goodrga01,1972
Connie Hawkins,hawkico01,1972
Elvin Hayes,hayesel01,1972
Spencer Haywood,haywosp01,1972
Bob Lanier,laniebo01,1972
Bob Love,lovebo01,1972
Oscar Robertson,roberos01,1972
Cazzie Russell,russeca01,1972
Paul Silas,silaspa01,1972
Jimmy Walker,walkeji01,1972
Jerry West,westje01,1972
Sidney Wicks,wickssi01,1972
Rick Barry,barryri01,1971
John Brisker,briskjo01,1971
Joe Caldwell,caldwjo01,1971
Mack Calvin,calvima01,1971
George Carter,cartege01,1971
Dan Issel,isselda01,1971
Neil Johnson,johnsne02,1971
Larry Jones,jonesla01,1971
Mike Lewis,lewismi01,1971
Bill Melchionni,melchbi01,1971
Cincy Powell,powelci01,1971
Charlie Scott,scottch01,1971
Zelmo Beaty,beatyze01,1971
Ron Boone,boonero01,1971
Roger Brown,brownro01,1971
Glen Combs,combsgl01,1971
Mel Daniels,danieme01,1971
Donnie Freeman,freemdo01,1971
Jimmy Jones,jonesji01,1971
Steve Jones,jonesst01,1971
Julius Keye,keyeju01,1971
Wendell Ladner,ladnewe01,1971
Bob Netolicky,netolbo01,1971
Red Robbins,robbire01,1971
Billy Cunningham,cunnibi01,1971
Dave DeBusschere,debusda01,1971
Walt Frazier,fraziwa01,1971
Johnny Green,greenjo01,1971
John Havlicek,havlijo01,1971
Lou Hudson,hudsolo01,1971
Gus Johnson,johnsgu01,1971
John Johnson,johnsjo01,1971
Bob Kauffman,kauffbo01,1971
Earl Monroe,monroea01,1971
Willis Reed,reedwi01,1971
Wes Unseld,unselwe01,1971
Tom Van Arsdale,vanarto01,1971
Jo Jo White,whitejo01,1971
Kareem Abdul-Jabbar,abdulka01,1971
Dave Bing,bingda01,1971
Wilt Chamberlain,chambwi01,1971
Connie Hawkins,hawkico01,1971
Elvin Hayes,hayesel01,1971
Bob Love,lovebo01,1971
Jerry Lucas,lucasje01,1971
Jeff Mullins,mullije01,1971
Geoff Petrie,petrige01,1971
Oscar Robertson,roberos01,1971
Dick Van Arsdale,vanardi01,1971
Chet Walker,walkech01,1971
Jerry West,westje01,1971
Lenny Wilkens,wilkele01,1971
Roger Brown,brownro01,1970
Darel Carrier,carrida01,1970
Louie Dampier,dampilo01,1970
Mel Daniels,danieme01,1970
Donnie Freeman,freemdo01,1970
Mike Lewis,lewismi01,1970
Doug Moe,moedo01,1970
Gene Moore,moorege01,1970
Bob Netolicky,netolbo01,1970
Levern Tart,tartle01,1970
Bob Verga,vergabo01,1970
Charlie Williams,willich01,1970
Rick Barry,barryri01,1970
John Beasley,beasljo01,1970
Larry Brown,brownla01,1970
Glen Combs,combsgl01,1970
Warren Davis,daviswa02,1970
Gerald Govan,govange01,1970
Spencer Haywood,haywosp01,1970
Warren Jabali,jabalwa01,1970
Jimmy Jones,jonesji01,1970
Larry Jones,jonesla01,1970
Steve Jones,jonesst01,1970
Cincy Powell,powelci01,1970
Red Robbins,robbire01,1970
Kareem Abdul-Jabbar,abdulka01,1970
Billy Cunningham,cunnibi01,1970
Dave DeBusschere,debusda01,1970
Walt Frazier,fraziwa01,1970
Hal Greer,greerha01,1970
John Havlicek,havlijo01,1970
Gus Johnson,johnsgu01,1970
Willis Reed,reedwi01,1970
Oscar Robertson,roberos01,1970
Flynn Robinson,robinfl01,1970
Tom Van Arsdale,vanarto01,1970
Jimmy Walker,walkeji01,1970
Elgin Baylor,bayloel01,1970
Bill Bridges,bridgbi01,1970
Joe Caldwell,caldwjo01,1970
Connie Hawkins,hawkico01,1970
Elvin Hayes,hayesel01,1970
Lou Hudson,hudsolo01,1970
Jeff Mullins,mullije01,1970
Bob Rule,rulebo01,1970
Nate Thurmond,thurmna01,1970
Dick Van Arsdale,vanardi01,1970
Chet Walker,walkech01,1970
Jerry West,westje01,1970
Lenny Wilkens,wilkele01,1970
Darel Carrier,carrida01,1969
Louie Dampier,dampilo01,1969
Mel Daniels,danieme01,1969
Donnie Freeman,freemdo01,1969
Connie Hawkins,hawkico01,1969
Art Heyman,heymaar01,1969
Les Hunter,huntele01,1969
Goose Ligon,ligongo01,1969
Bob Netolicky,netolbo01,1969
Walt Simon,simonwa01,1969
Skip Thoren,thoresk01,1969
Trooper Washington,washitr01,1969
Charlie Williams,willich01,1969
Rick Barry,barryri01,1969
John Beasley,beasljo01,1969
Byron Beck,beckby01,1969
Larry Brown,brownla01,1969
Warren Davis,daviswa02,1969
Wayne Hightower,hightwa01,1969
Merv Jackson,jacksme01,1969
Jimmy Jones,jonesji01,1969
Larry Jones,jonesla01,1969
Doug Moe,moedo01,1969
Red Robbins,robbire01,1969
Willie Somerset,somerwi01,1969
Dave Bing,bingda01,1969
Billy Cunningham,cunnibi01,1969
Hal Greer,greerha01,1969
John Havlicek,havlijo01,1969
Gus Johnson,johnsgu01,1969
Jerry Lucas,lucasje01,1969
Jon McGlocklin,mcglojo01,1969
Earl Monroe,monroea01,1969
Willis Reed,reedwi01,1969
Oscar Robertson,roberos01,1969
Bill Russell,russebi01,1969
Wes Unseld,unselwe01,1969
Elgin Baylor,bayloel01,1969
Joe Caldwell,caldwjo01,1969
Wilt Chamberlain,chambwi01,1969
Gail Goodrich,goodrga01,1969
Elvin Hayes,hayesel01,1969
Lou Hudson,hudsolo01,1969
Don Kojis,kojisdo01,1969
Rudy LaRusso,larusru01,1969
Jeff Mullins,mullije01,1969
Jerry Sloan,sloanje01,1969
Dick Van Arsdale,vanardi01,1969
Jerry West,westje01,1969
Lenny Wilkens,wilkele01,1969
Roger Brown,brownro01,1968
Darel Carrier,carrida01,1968
Louie Dampier,dampilo01,1968
Mel Daniels,danieme01,1968
Donnie Freeman,freemdo01,1968
Connie Hawkins,hawkico01,1968
Les Hunter,huntele01,1968
Tony Jackson,jacksto01,1968
Freddie Lewis,lewisfr02,1968
Randy Mahaffey,mahafra01,1968
Bob Netolicky,netolbo01,1968
Chico Vaughn,vaughch01,1968
John Beasley,beasljo01,1968
Art Becker,beckear01,1968
Larry Brown,brownla01,1968
Larry Bunce,buncela01,1968
Cliff Hagan,hagancl01,1968
Jimmy Jones,jonesji01,1968
Larry Jones,jonesla01,1968
Dewitt Menyard,menyade01,1968
Doug Moe,moedo01,1968
Red Robbins,robbire01,1968
Levern Tart,tartle01,1968
Bob Verga,vergabo01,1968
Ben Warley,warlebe01,1968
Dick Barnett,barnedi01,1968
Dave Bing,bingda01,1968
Wilt Chamberlain,chambwi01,1968
Dave DeBusschere,debusda01,1968
Hal Greer,greerha01,1968
John Havlicek,havlijo01,1968
Gus Johnson,johnsgu01,1968
Sam Jones,jonessa01,1968
Jerry Lucas,lucasje01,1968
Willis Reed,reedwi01,1968
Oscar Robertson,roberos01,1968
Bill Russell,russebi01,1968
Walt Hazzard,abdulma01,1968
Elgin Baylor,bayloel01,1968
Zelmo Beaty,beatyze01,1968
Bob Boozer,boozebo01,1968
Bill Bridges,bridgbi01,1968
Archie Clark,clarkar01,1968
Jim King,kingji01,1968
Don Kojis,kojisdo01,1968
Rudy LaRusso,larusru01,1968
Clyde Lee,leecl01,1968
Nate Thurmond,thurmna01,1968
Jerry West,westje01,1968
Lenny Wilkens,wilkele01,1968
Wilt Chamberlain,chambwi01,1967
Hal Greer,greerha01,1967
John Havlicek,havlijo01,1967
Bailey Howell,howelba01,1967
Jerry Lucas,lucasje01,1967
Don Ohl,ohldo01,1967
Willis Reed,reedwi01,1967
Oscar Robertson,roberos01,1967
Bill Russell,russebi01,1967
Chet Walker,walkech01,1967
Rick Barry,barryri01,1967
Elgin Baylor,bayloel01,1967
Bill Bridges,bridgbi01,1967
Dave DeBusschere,debusda01,1967
Darrall Imhoff,imhofda01,1967
Guy Rodgers,rodgegu01,1967
Jerry Sloan,sloanje01,1967
Nate Thurmond,thurmna01,1967
Jerry West,westje01,1967
Lenny Wilkens,wilkele01,1967
Wilt Chamberlain,chambwi01,1966
Hal Greer,greerha01,1966
John Havlicek,havlijo01,1966
Sam Jones,jonessa01,1966
Jerry Lucas,lucasje01,1966
Willis Reed,reedwi01,1966
Oscar Robertson,roberos01,1966
Bill Russell,russebi01,1966
Adrian Smith,smithad01,1966
Chet Walker,walkech01,1966
Rick Barry,barryri01,1966
Zelmo Beaty,beatyze01,1966
Dave DeBusschere,debusda01,1966
Bailey Howell,howelba01,1966
Rudy LaRusso,larusru01,1966
Eddie Miles,milesed01,1966
Don Ohl,ohldo01,1966
Guy Rodgers,rodgegu01,1966
Nate Thurmond,thurmna01,1966
Jerry West,westje01,1966
Larry Costello,costela01,1965
Wayne Embry,embrywa01,1965
Johnny Green,greenjo01,1965
Hal Greer,greerha01,1965
Tom Heinsohn,heinsto01,1965
Luke Jackson,jackslu01,1965
Sam Jones,jonessa01,1965
Jerry Lucas,lucasje01,1965
Willis Reed,reedwi01,1965
Oscar Robertson,roberos01,1965
Bill Russell,russebi01,1965
Elgin Baylor,bayloel01,1965
Walt Bellamy,bellawa01,1965
Wilt Chamberlain,chambwi01,1965
Terry Dischinger,dischte01,1965
Gus Johnson,johnsgu01,1965
Don Ohl,ohldo01,1965
Bob Pettit,pettibo01,1965
Nate Thurmond,thurmna01,1965
Jerry West,westje01,1965
Lenny Wilkens,wilkele01,1965
Len Chappell,chapple01,1964
Wayne Embry,embrywa01,1964
Tom Gola,golato01,1964
Hal Greer,greerha01,1964
Tom Heinsohn,heinsto01,1964
Sam Jones,jonessa01,1964
Jerry Lucas,lucasje01,1964
Oscar Robertson,roberos01,1964
Bill Russell,russebi01,1964
Chet Walker,walkech01,1964
Elgin Baylor,bayloel01,1964
Walt Bellamy,bellawa01,1964
Wilt Chamberlain,chambwi01,1964
Terry Dischinger,dischte01,1964
Bailey Howell,howelba01,1964
Don Ohl,ohldo01,1964
Bob Pettit,pettibo01,1964
Guy Rodgers,rodgegu01,1964
Jerry West,westje01,1964
Lenny Wilkens,wilkele01,1964
Bob Cousy,cousybo01,1963
Wayne Embry,embrywa01,1963
Tom Gola,golato01,1963
Johnny Green,greenjo01,1963
Hal Greer,greerha01,1963
Richie Guerin,gueriri01,1963
Tom Heinsohn,heinsto01,1963
Red Kerr,kerrre01,1963
Oscar Robertson,roberos01,1963
Bill Russell,russebi01,1963
Lee Shaffer,shaffle01,1963
Jack Twyman,twymaja01,1963
Elgin Baylor,bayloel01,1963
Walt Bellamy,bellawa01,1963
Wilt Chamberlain,chambwi01,1963
Terry Dischinger,dischte01,1963
Bailey Howell,howelba01,1963
Rudy LaRusso,larusru01,1963
Tom Meschery,meschto01,1963
Don Ohl,ohldo01,1963
Bob Pettit,pettibo01,1963
Guy Rodgers,rodgegu01,1963
Jerry West,westje01,1963
Lenny Wilkens,wilkele01,1963
Paul Arizin,arizipa01,1962
Wilt Chamberlain,chambwi01,1962
Larry Costello,costela01,1962
Bob Cousy,cousybo01,1962
Tom Gola,golato01,1962
Johnny Green,greenjo01,1962
Hal Greer,greerha01,1962
Richie Guerin,gueriri01,1962
Tom Heinsohn,heinsto01,1962
Sam Jones,jonessa01,1962
Willie Naulls,naullwi01,1962
Bill Russell,russebi01,1962
Dolph Schayes,schaydo01,1962
Elgin Baylor,bayloel01,1962
Walt Bellamy,bellawa01,1962
Wayne Embry,embrywa01,1962
Cliff Hagan,hagancl01,1962
Bailey Howell,howelba01,1962
Rudy LaRusso,larusru01,1962
Bob Pettit,pettibo01,1962
Oscar Robertson,roberos01,1962
Frank Selvy,selvyfr01,1962
Gene Shue,shuege01,1962
Jack Twyman,twymaja01,1962
Jerry West,westje01,1962
Paul Arizin,arizipa01,1961
Wilt Chamberlain,chambwi01,1961
Larry Costello,costela01,1961
Bob Cousy,cousybo01,1961
Tom Gola,golato01,1961
Hal Greer,greerha01,1961
Richie Guerin,gueriri01,1961
Tom Heinsohn,heinsto01,1961
Willie Naulls,naullwi01,1961
Bill Russell,russebi01,1961
Dolph Schayes,schaydo01,1961
Elgin Baylor,bayloel01,1961
Walter Dukes,dukeswa01,1961
Wayne Embry,embrywa01,1961
Cliff Hagan,hagancl01,1961
Bailey Howell,howelba01,1961
Hot Rod Hundley,hundlho01,1961
Clyde Lovellette,lovelcl01,1961
Bob Pettit,pettibo01,1961
Oscar Robertson,roberos01,1961
Gene Shue,shuege01,1961
Jerry West,westje01,1961
Paul Arizin,arizipa01,1960
Wilt Chamberlain,chambwi01,1960
Larry Costello,costela01,1960
Bob Cousy,cousybo01,1960
Tom Gola,golato01,1960
Richie Guerin,gueriri01,1960
Willie Naulls,naullwi01,1960
Bill Russell,russebi01,1960
Dolph Schayes,schaydo01,1960
Bill Sharman,sharmbi01,1960
George Yardley,yardlge01,1960
Elgin Baylor,bayloel01,1960
Walter Dukes,dukeswa01,1960
Dick Garmaker,garmadi01,1960
Cliff Hagan,hagancl01,1960
Hot Rod Hundley,hundlho01,1960
Clyde Lovellette,lovelcl01,1960
Chuck Noble,noblech01,1960
Bob Pettit,pettibo01,1960
Gene Shue,shuege01,1960
Jack Twyman,twymaja01,1960
Paul Arizin,arizipa01,1959
Larry Costello,costela01,1959
Bob Cousy,cousybo01,1959
Richie Guerin,gueriri01,1959
Red Kerr,kerrre01,1959
Bill Russell,russebi01,1959
Woody Sauldsberry,sauldwo01,1959
Dolph Schayes,schaydo01,1959
Kenny Sears,searske01,1959
Bill Sharman,sharmbi01,1959
Elgin Baylor,bayloel01,1959
Larry Foust,foustla01,1959
Dick Garmaker,garmadi01,1959
Cliff Hagan,hagancl01,1959
Slater Martin,martisl01,1959
Dick McGuire,mcguidi01,1959
Bob Pettit,pettibo01,1959
Gene Shue,shuege01,1959
Jack Twyman,twymaja01,1959
George Yardley,yardlge01,1959
Paul Arizin,arizipa01,1958
Larry Costello,costela01,1958
Bob Cousy,cousybo01,1958
Richie Guerin,gueriri01,1958
Neil Johnston,johnsne01,1958
Willie Naulls,naullwi01,1958
Bill Russell,russebi01,1958
Dolph Schayes,schaydo01,1958
Kenny Sears,searske01,1958
Bill Sharman,sharmbi01,1958
Larry Foust,foustla01,1958
Dick Garmaker,garmadi01,1958
Cliff Hagan,hagancl01,1958
Slater Martin,martisl01,1958
Dick McGuire,mcguidi01,1958
Bob Pettit,pettibo01,1958
Gene Shue,shuege01,1958
Maurice Stokes,stokema01,1958
Jack Twyman,twymaja01,1958
George Yardley,yardlge01,1958
Paul Arizin,arizipa01,1957
Carl Braun,braunca01,1957
Nat Clifton,cliftna01,1957
Bob Cousy,cousybo01,1957
Harry Gallatin,gallaha01,1957
Jack George,georgja01,1957
Tom Heinsohn,heinsto01,1957
Neil Johnston,johnsne01,1957
Dolph Schayes,schaydo01,1957
Bill Sharman,sharmbi01,1957
Dick Garmaker,garmadi01,1957
Mel Hutchins,hutchme01,1957
Clyde Lovellette,lovelcl01,1957
Ed Macauley,macaued01,1957
Slater Martin,martisl01,1957
Vern Mikkelsen,mikkeve01,1957
Bob Pettit,pettibo01,1957
Richie Regan,reganri01,1957
Maurice Stokes,stokema01,1957
Jack Twyman,twymaja01,1957
George Yardley,yardlge01,1957
Paul Arizin,arizipa01,1956
Carl Braun,braunca01,1956
Bob Cousy,cousybo01,1956
Harry Gallatin,gallaha01,1956
Jack George,georgja01,1956
Neil Johnston,johnsne01,1956
Red Kerr,kerrre01,1956
Ed Macauley,macaued01,1956
Dick McGuire,mcguidi01,1956
Dolph Schayes,schaydo01,1956
Bill Sharman,sharmbi01,1956
Larry Foust,foustla01,1956
Bob Harrison,harribo02,1956
Mel Hutchins,hutchme01,1956
Clyde Lovellette,lovelcl01,1956
Slater Martin,martisl01,1956
Vern Mikkelsen,mikkeve01,1956
Bob Pettit,pettibo01,1956
Maurice Stokes,stokema01,1956
Bobby Wanzer,wanzebo01,1956
George Yardley,yardlge01,1956
Paul Arizin,arizipa01,1955
Carl Braun,braunca01,1955
Bob Cousy,cousybo01,1955
Harry Gallatin,gallaha01,1955
Neil Johnston,johnsne01,1955
Ed Macauley,macaued01,1955
Dick McGuire,mcguidi01,1955
Dolph Schayes,schaydo01,1955
Paul Seymour,seymopa01,1955
Bill Sharman,sharmbi01,1955
Jack Coleman,colemja01,1955
Larry Foust,foustla01,1955
Slater Martin,martisl01,1955
Vern Mikkelsen,mikkeve01,1955
Bob Pettit,pettibo01,1955
Andy Phillip,phillan01,1955
Jim Pollard,pollaji01,1955
Arnie Risen,risenar01,1955
Frank Selvy,selvyfr01,1955
Bobby Wanzer,wanzebo01,1955
George Yardley,yardlge01,1955
Carl Braun,braunca01,1954
Bob Cousy,cousybo01,1954
Ray Felix,felixra01,1954
Harry Gallatin,gallaha01,1954
Neil Johnston,johnsne01,1954
Ed Macauley,macaued01,1954
Dick McGuire,mcguidi01,1954
Dolph Schayes,schaydo01,1954
Paul Seymour,seymopa01,1954
Bill Sharman,sharmbi01,1954
Bob Davies,daviebo01,1954
Larry Foust,foustla01,1954
Mel Hutchins,hutchme01,1954
Slater Martin,martisl01,1954
George Mikan,mikange01,1954
Jack Molinas,molinja01,1954
Andy Phillip,phillan01,1954
Jim Pollard,pollaji01,1954
Arnie Risen,risenar01,1954
Don Sunderlage,sundedo01,1954
Bobby Wanzer,wanzebo01,1954
Don Barksdale,barksdo01,1953
Carl Braun,braunca01,1953
Bob Cousy,cousybo01,1953
Bill Gabor,gaborbi01,1953
Harry Gallatin,gallaha01,1953
Neil Johnston,johnsne01,1953
Ed Macauley,macaued01,1953
Dolph Schayes,schaydo01,1953
Fred Scolari,scolafr01,1953
Paul Seymour,seymopa01,1953
Bill Sharman,sharmbi01,1953
Leo Barnhorst,barnhle01,1953
Bob Davies,daviebo01,1953
Larry Foust,foustla01,1953
Mel Hutchins,hutchme01,1953
Slater Martin,martisl01,1953
George Mikan,mikange01,1953
Vern Mikkelsen,mikkeve01,1953
Andy Phillip,phillan01,1953
Arnie Risen,risenar01,1953
Bobby Wanzer,wanzebo01,1953
Paul Arizin,arizipa01,1952
Bob Cousy,cousybo01,1952
Joe Fulks,fulksjo01,1952
Harry Gallatin,gallaha01,1952
Ed Macauley,macaued01,1952
Dick McGuire,mcguidi01,1952
Andy Phillip,phillan01,1952
Red Rocha,rochare01,1952
Dolph Schayes,schaydo01,1952
Fred Scolari,scolafr01,1952
Max Zaslofsky,zasloma01,1952
Leo Barnhorst,barnhle01,1952
Frankie Brian,brianfr01,1952
Bob Davies,daviebo01,1952
Dike Eddleman,eddledi01,1952
Larry Foust,foustla01,1952
George Mikan,mikange01,1952
Vern Mikkelsen,mikkeve01,1952
Jim Pollard,pollaji01,1952
Arnie Risen,risenar01,1952
Paul Walther,walthpa01,1952
Bobby Wanzer,wanzebo01,1952
Paul Arizin,arizipa01,1951
Vince Boryla,borylvi01,1951
Bob Cousy,cousybo01,1951
Joe Fulks,fulksjo01,1951
Harry Gallatin,gallaha01,1951
Ed Macauley,macaued01,1951
Dick McGuire,mcguidi01,1951
Andy Phillip,phillan01,1951
Red Rocha,rochare01,1951
Dolph Schayes,schaydo01,1951
Ralph Beard,beardra01,1951
Frankie Brian,brianfr01,1951
Bob Davies,daviebo01,1951
Dike Eddleman,eddledi01,1951
Larry Foust,foustla01,1951
Alex Groza,grozaal01,1951
George Mikan,mikange01,1951
Vern Mikkelsen,mikkeve01,1951
Jim Pollard,pollaji01,1951
Fred Schaus,schaufr01,1951
